ID,Author,State,BlockNumberChoices,Scores,AuthorTokenBalance
0xaee9727ec0319e77da7ac49d5e4db631a75fb034aa27748e688c4bfb8458c349,0xbdac5657eDd13F47C3DD924eAa36Cf1Ec49672cc,closed,17102243,"['Approve YIP-210', 'Do Not Approve']","[286653.5335327927, 0]",148628.83704873393
0x617192f236033eac7439ec0b3ef8765c7b5eaf4279609ff02b195fb248ca20a8,0xbdac5657eDd13F47C3DD924eAa36Cf1Ec49672cc,closed,16735902,"['Remove 0xE from Multisigs', 'Do not remove 0xE']","[270299.6157053146, 0]",136422.78184472746
0x7e4a82c045f51625d9d707b09214b77f95ad4697ba06aa5ed9737e662afe5eeb,0x653d63E4F2D7112a19f5Eb993890a3F27b48aDa5,closed,16492331,"['immediately give access', 'do not give access']","[271379.08311656886, 0]",133685.85873804282
0x3a9fde3ecd262cf9fa900f60185df87015b167b76cc8862a6ede97b8e634ef00,0x9Ebc8AD4011C7f559743Eb25705CCF5A9B58D0bc,closed,16162448,"['Support with 5k for 1 year', 'Support with 10k for 2 years', 'Support with 15k for 3 years', 'Support with 20k for 4 years', 'Support with 25k for 5 years', 'Support with 30k for 6 years', 'Support with 35k for 7 years', 'Support with 40k for 8 years', 'Dont support']","[1423.0999021543864, 0, 0, 0, 0, 0, 0, 32.48504305625036, 746389.6302732463]",399.788359894584
0x2d05c00a62bcf549c0c2aca1a790f2058db647166deba417cd93b81953169ccb,0x9Ebc8AD4011C7f559743Eb25705CCF5A9B58D0bc,closed,16162436,"['Support vested 90 WETH 150k YAM', 'Support vested 120 WETH 200k YAM', 'Support vested 150 WETH 250k YAM', 'Dont support']","[178.60560566744277, 0, 3.43151e-19, 746474.1455576934]",399.788359894584
0xa5203245338aeab3b5e4141e82282c600acdba14788af7b5852eb13da2d2b42a,0x9Ebc8AD4011C7f559743Eb25705CCF5A9B58D0bc,closed,16162434,"['Support', 'Dont support']","[135.2285686188803, 746517.522594742]",399.788359894584
0x376c47244d414ffc7aa2cc0ffdf563f31842b90df74604551c9bc052f80d1844,0x87D4c94e893660Ea4624a2AFa881937ED8ea8C8d,closed,16107510,"['No redemption', 'Redemption forever', 'Temporary Redemption', 'For Pro-rata Split', 'Against Pro-rata Split', 'Redeem+donate to GiveDirectly', 'Redeem+donate to Gitcoin']","[194335.29187365208, 724680.3512261171, 1279092.006785721, 1116021.5784166926, 276639.1619959482, 1116006.391998456, 1167896.3313889431]",132609.73236252516
0x714af9e0c378f0e8c82267eded4e3f5abae978d2c2a02e4d858754c938ba9a72,0x2281A3Cd35AD0314f4aAB831017930078ED461F7,closed,16093458,"['No redemption', 'Redemption forever', 'Pro Rata GiveDirectly', 'Pro Rata Gitcoin']","[129377.69169087526, 577422.6911240048, 1116010.1613328247, 697359.19909238]",224865.20851381938
0x3a076b285ff586ee9159937a7370d5498347ea3a15995137154f1d66b5b5e01b,0x9Ebc8AD4011C7f559743Eb25705CCF5A9B58D0bc,closed,15974975,"['Open redemption forever only', 'Redemption 1y and Gitcoin only', 'Redemption 1y and Watoto only', 'Redemption 1y and both']","[85764.26062979044, 438.6712395548985, 0.799576719789168, 0]",399.788359894584
0x69ba310a132ba3bfa6b4a98a0c0f07a7aeb03ced3a2aae52cc711e663a1f35c1,0x9Ebc8AD4011C7f559743Eb25705CCF5A9B58D0bc,closed,15956443,"['Support with 5k for 1 year', 'Support with 10k for 2 years', 'Support with 15k for 3 years', 'Support with 20k for 4 years', 'Support with 25k for 5 years', 'Support with 30k for 6 years', 'Support with 35k for 7 years', 'Support with 40k for 8 years', 'Dont support']","[338.99785124072093, 0.399788359894584, 0, 2273.375099895928, 0.399788359894584, 0, 0, 8096.954605653841, 760523.6100851016]",399.788359894584
0xaf9f9c36adb15c898638cdbfbda8a30ca5afdfd184ce69bf447411e4546a6d20,0x9Ebc8AD4011C7f559743Eb25705CCF5A9B58D0bc,closed,15956430,"['Support vested 90 WETH 150k YAM', 'Support vested 120 WETH 200k YAM', 'Support vested 150 WETH 250k YAM', 'Dont support']","[352.3420974853438, 7.196190478102512, 0, 762783.6409387528]",399.788359894584
0x949864fb08d32db705123bac0067e938b89a6f4e5b692ad9fc5a0cc9be2540f2,0x9Ebc8AD4011C7f559743Eb25705CCF5A9B58D0bc,closed,15956154,"['Support 1-', 'Support 2-', 'Support 3-', 'Support 4-', 'Dont support 1-', 'Dont support 2-', 'Dont support 3-', 'Dont support 4-']","[2338.075751373734, 763129.4351921119, 763142.7630393432, 2280.5712903740305, 762783.6409387528, 2273.375099895928, 2273.375099895928, 762783.6409387528]",399.788359894584
0xf0f2606c06092f265a8b59dd3de7d9ac582ea9fa16f12124a24a3e3be43b96b9,0x9Ebc8AD4011C7f559743Eb25705CCF5A9B58D0bc,closed,15956118,"['Support', 'Dont support']","[0.799576719789168, 763142.7630393432]",399.788359894584
0x1db960e54e07a0057c97083825b95a58b52d272e27229c468c49fe763ab8c3ee,0xbdac5657eDd13F47C3DD924eAa36Cf1Ec49672cc,closed,15757479,"['Ban / Ignore Bad Actors', 'Update Guardian Multisig', 'Do nothing']","[802766.4195093269, 803181.0892089831, 0]",143973.47279824413
0x3db446c52f54bba28b95551dfa8f55ca0a9fda868dbec04d37a46467eb3fc1bf,0xAbC8e9b22e8658Ac6d61d86cA035AFDb8a453da2,closed,15742556,"['Gitcoin', 'Watoto', 'No redemption']","[448048.5895326013, 716690.5024240956, 776984.8737066197]",240601.25754183752
0x38c6e48be58c03da0546b0d4a648d4228cf12e195c53b67a3798a73d3f2578b0,0xbdac5657eDd13F47C3DD924eAa36Cf1Ec49672cc,closed,15726934,"['Allow Redeption for 1 Month', 'Allow Redeption for 3 Months', 'Allow Redeption for 6 Months', 'Allow Redeption for 12 Months', 'Do not allow Redemption']","[821754.3110434033, 787742.8868160245, 139684.14675524994, 139649.56506211907, 0]",139354.3440362868
0xe2b29b6ed210b7737c1e397b9a9449035f265475c152986182d29588f1571232,0xAbC8e9b22e8658Ac6d61d86cA035AFDb8a453da2,closed,15713088,"['Gitcoin', 'Watoto Orphanage', 'WCK', 'LCVEF', 'Pro-rata donations based on Yam', 'None of the above']","[3.5900994718533643, 0, 0, 0, 668991.102559512, 843435.3811747682]",240601.25754183752
0x65dfb1ee046e6ec37f7b39643d73a4b43153ba3c547588dec16dd0f0c2c9ab16,0x88c868B1024ECAefDc648eb152e91C57DeA984d0,closed,15668619,"['$0/hr', '$10/hr', '$20/hr', '$30/hr', '$40/hr', '$50/hr', '$60/hr', '$70/hr', '$80/hr']","[0, 2273.7668924886248, 0, 0, 0, 0, 0, 0, 242372.27389585192]",64771.15651856828
0x921fee2d0a94984e28fa95c625e4ac6882b33ab999201042b335df92546d9930,0x88c868B1024ECAefDc648eb152e91C57DeA984d0,closed,15668513,"['YES - Approve Grant', 'NO- Disappove Grant']","[863282.8184278803, 0]",64771.15651856828
0x653cb25d654db107a274bc0fc0c906bc0ed5578fd5ca4e63dd378c62bceb69d4,0xbdac5657eDd13F47C3DD924eAa36Cf1Ec49672cc,closed,15628569,"['Remove 0xE from all Yam position', 'Do not remove 0xE']","[773810.510490516, 426112.5436468994]",129263.22305305478
0xd3d0e62259d5e2306170c38260e13eb694c84681c9f773332df9335101162e5c,0xbdac5657eDd13F47C3DD924eAa36Cf1Ec49672cc,closed,15605271,"['Approve change Hodldwon -> Jpgs', 'Do not approve']","[522846.29251277895, 299606.8371103937]",119270.7572913881
0xdfd3a7f56f68d3153d0d39ce4f6431213312e9a66b669ffcd646b257a469fa8a,0x9Ebc8AD4011C7f559743Eb25705CCF5A9B58D0bc,closed,15453764,"['Approve', 'Decline']","[1167.1987148307396, 540062.46908221]",399.788359894584
0xba5a8204491324dd535f3bf161cd08b783c190e077a7de785d879e7de5c053c4,0x88c868B1024ECAefDc648eb152e91C57DeA984d0,closed,15435313,"['For Option 1 - condensed ', 'For Option 2 - extended', 'Against - maintain status quo']","[650939.2205918429, 95037.12953309772, 130419.3567294552]",54929.115584909974
0x727f681bb0752e00cc01dd4451a8d9eb5d6f9e408739af154f80033264f31a68,0x9Ebc8AD4011C7f559743Eb25705CCF5A9B58D0bc,closed,15354450,"['Accept', 'Decline']","[750556.7382398514, 0]",399.788359894584
0x4248bd14c0f3fb1d11aef7020b7368b470b30f6ebdfe01ea925b79a4fb629ffc,0x9Ebc8AD4011C7f559743Eb25705CCF5A9B58D0bc,closed,15354433,"['Accept', 'Decline']","[750428.9548898616, 0]",399.788359894584
0x1af480f7fa7fa5addfc81cd040732c40457d5c305231a82a250f1e6a3a862906,0x9098eab0a361D29Ea5c4b5d9d1f50694ac0E9e78,closed,15353896,"[""Implement Vesting as Spec'd"", 'Do not implement Vesting']","[750428.9548898616, 0]",197.81822539177423
0xb31f6f49ae32f7f6eb94ce6ccd972ec52fc65d6520acd5a0d630556f2cb7c8ef,0x9098eab0a361D29Ea5c4b5d9d1f50694ac0E9e78,closed,15353850,"['Proceed with contributor minting', 'Do not proceed with minting']","[767613.8984926392, 0]",197.81822539177423
0x05300baf1a1664807e9fe7c6d444f26427c79aad67717736788f0aa376ff3821,0xbdac5657eDd13F47C3DD924eAa36Cf1Ec49672cc,closed,15340275,"['Create Position', 'Do not create position', 'Vote for JPGS.ETH to be Director', 'Nominate someone else to be DIR', 'Comments in forum, please read. ']","[756358.922770147, 53308.62741285099, 755242.697807595, 77.15853279927761, 53246.465607587415]",120572.67166107183
0x7b29c8f1a7d55373948daeadab8ef04225fc0d84d57e98fd0c0da2e7057c039a,0x88c868B1024ECAefDc648eb152e91C57DeA984d0,closed,15315735,"['Approve', 'Deny']","[814631.0671238656, 972.7734598977132]",52649.61367304581
0x14cc38be25ae4ff374c5564f04e4860c0e5e7ca288e6679cc653643f27049b95,0xbdac5657eDd13F47C3DD924eAa36Cf1Ec49672cc,closed,15314837,"['Approve', 'Deny']","[797436.5902493565, 970.483260584218]",120526.72754762543
0xbe253f157d24c8960d3198d1a7ac9c1d089bb6c5800bb881b2a660afbe8383de,0x9Ebc8AD4011C7f559743Eb25705CCF5A9B58D0bc,closed,15313844,"['Accept', 'Decline']","[274564.9016799786, 541029.754035915]",399.788359894584
0x9f73f1d5aa29853ba05e687b6ca80701cf8ea1909750767787511db6c3ba9123,0xbdac5657eDd13F47C3DD924eAa36Cf1Ec49672cc,closed,15282879,"['Recommendation #1 - Proceed', 'Recommendation #2 - Proceed', 'Recommendation #3 - Proceed', 'Recommendation #4 - Proceed', 'Do not proceed- comment on forum']","[660699.0905475938, 662568.7282175771, 660695.6044676194, 660695.6044676194, 0]",120496.91433933288
0xe5f43d738e27ef31e0834b1dd4a10541108b1a6e83947e989fdbbf1eaf45eeea,0x9098eab0a361D29Ea5c4b5d9d1f50694ac0E9e78,closed,15078195,"['Yes, Go ahead with Redemption', ""No, Don't allow redemption""]","[610957.2567658155, 1447811.6953203804]",197.81822539177423
0xc94810b111de9f5938111ebb7770e31f2c92ce0fe8fb8110823e8a9071784b7f,0xbdac5657eDd13F47C3DD924eAa36Cf1Ec49672cc,closed,15121421,"['Approve', 'Do not approve']","[638698.9405866375, 129389.6583133036]",120514.49945730116
0xf6d162e22011713a3c194f598bf36947150d71c537d45a2e03cf57f4487c4ea5,0x9Ebc8AD4011C7f559743Eb25705CCF5A9B58D0bc,closed,15088556,"['Accept', 'Decline']","[240054.23108805093, 0]",399.788359894584
0x48be1e680491b50416595d0a9a9f3e4b233edbf6b9977623fda63b1b5af3d3fc,0x99a7eDB791c290194B7d037B15E51C7aA500080A,closed,15078195,"['Yes, make YAM redeemable @ $0.25', 'No, do not make YAM redeemable']","[443924.8582012959, 376026.2420323646]",39978.8359894584
0xcac90978adfe957f3275637118418a4b9ad97a4d93757d00f086e4b1df3e1684,0x9098eab0a361D29Ea5c4b5d9d1f50694ac0E9e78,closed,15058490,"['Send UMA', ""Don't Send UMA""]","[359659.2110493207, 44851.97417236641]",197.81822539177423
0xba931580fdd04b73b5aaa45b91801a3135bd1f858937b687da87870de379264c,0x9Ebc8AD4011C7f559743Eb25705CCF5A9B58D0bc,closed,15039030,"['Accept', 'Decline']","[3.4592154602216327, 249871.64037554263]",399.788359894584
0x31f5cf3dd15fd194b96ac5ff365340d35436346e7f9c5db74ad9a672aee01804,0xbdac5657eDd13F47C3DD924eAa36Cf1Ec49672cc,closed,15019982,"['Approve Funding Requirements Doc', 'Deny Funding Request']","[334895.40661774704, 0]",120466.08473564194
0x7e84b5214ef2c2ac0a416534fa5fa575a71be55a38ec061d37f67e91b6833506,0xce1559448e21981911fAC70D4eC0C02cA1EFF39C,closed,14982698,"['Yambassador was malicious.', 'Not malicious, no reimbursement.', 'Reimburse Snake for two weeks.']","[60.498332378887994, 0, 70300.84257287245]",70212.24934838142
0x62bdcb6631687b81b88ae993b15e62c9d898463f231b57a775f001fcfb8e2e64,0x9098eab0a361D29Ea5c4b5d9d1f50694ac0E9e78,closed,14980862,"['Overturn previous vote', 'Do not overturn previous vote']","[280451.80256027856, 0.199894179947292]",197.81822539177423
0x7a6316808926af70dc85c3153f240acd602f9ab57d4aadf4231be8e88d425dfb,0x9098eab0a361D29Ea5c4b5d9d1f50694ac0E9e78,closed,14980798,"['Approve', 'Disapprove']","[277893.86618614994, 0.199894179947292]",197.81822539177423
0xfa9674cc831cd54195120cf88dbfdde4212dc678d37bdb746fcaffa289a49a33,0x9098eab0a361D29Ea5c4b5d9d1f50694ac0E9e78,closed,14980779,"['Approve', 'Disapprove']","[281350.34566049674, 0]",197.81822539177423
0x686972cf540720430d3fc4109664b2136da98d85837e75860f161b51ba8b1890,0x88c868B1024ECAefDc648eb152e91C57DeA984d0,closed,14893109,"['Approve', 'Deny']","[465349.65032523574, 0]",34901.713282115656
0x314fc5ebeb6cdaa8c2db19ff83e1936d1a986533468ce0d807f458ca07e915f8,0x88c868B1024ECAefDc648eb152e91C57DeA984d0,closed,14893023,"['Approve', 'Deny']","[707736.5955141998, 0]",34901.713282115656
0x0bcac0c3e6f8fd7244a439003e3ef3d27f10069696e149101522b93a36144cb2,0x88c868B1024ECAefDc648eb152e91C57DeA984d0,closed,14806152,"['Fund This grant', 'Do Not Fund this Grant', 'abstain']","[438122.2978593067, 0, 926.1049267997868]",16075.5996147983
0x70d724c449fece87eccd0dc1ce216dea53b8a0825f4effe2e12ab274af7c4e1a,0x88c868B1024ECAefDc648eb152e91C57DeA984d0,closed,14804912,"['Fund Grant', 'Do not fund Grant', 'Abstain']","[388842.6826421778, 0, 77808.2281863785]",16075.5996147983
0x895d3e5dc357b81c215420dc5b1780c5fc9ff2b6ac0222745811e1aeb3b67c4d,0xce1559448e21981911fAC70D4eC0C02cA1EFF39C,closed,14788088,"['For', 'Against', 'Abstain']","[701451.9307107002, 0, 0]",77808.2281863785
0x71eca6d1afcaf55f1d6a5870af62a92eb402f1c1ecbc2876fb427dacba7c97fc,0x9Ebc8AD4011C7f559743Eb25705CCF5A9B58D0bc,closed,14706573,"['Accept', 'Decline']","[18622.415124551993, 476516.48222918034]",399.788359894584
0x55bb8f8a17789a389e94a8f349fcab3c7414c066f8fd2b073d72bfffa286c6eb,0xbdac5657eDd13F47C3DD924eAa36Cf1Ec49672cc,closed,14661372,"['Replace the Stuck $YAM', 'Do not replace']","[868208.5393835927, 0]",120746.10240665165
0x87d919d8a43cdc184a74ccc80df2689ce825c509a826c38a82875920fde993ec,0x9098eab0a361D29Ea5c4b5d9d1f50694ac0E9e78,closed,14483197,"['YES', 'NO']","[497291.7368977495, 0]",197.81822539177423
0xb2fd065b9840f082f1a5af5c8383740d7e82fda2377f36d1705f7f0ec3290387,0x9Ebc8AD4011C7f559743Eb25705CCF5A9B58D0bc,closed,14297116,"['Accept', 'Decline']","[5433.4161300425485, 356806.4118055636]",399.788359894584
0xbfafa7c9c7bc82556a6c35639614af9b78884d0631a9b94580d7a3537c496a14,0x9Ebc8AD4011C7f559743Eb25705CCF5A9B58D0bc,closed,14297116,"['Accept', 'Decline']","[361692.7176162838, 36.44192362461306]",399.788359894584
0xdc1deefd353c849fa21381ae9bc906dcd7d682aa36d21836954040a820756b95,0x9Ebc8AD4011C7f559743Eb25705CCF5A9B58D0bc,closed,14297116,"['Accept', 'Decline']","[362220.5757817265, 21.328868915720015]",399.788359894584
0x893a573179b3014b36644f02d37b9004a0b2ba6944135839a183a2240f0cf707,0x9098eab0a361D29Ea5c4b5d9d1f50694ac0E9e78,closed,14141817,"['Accept', 'Decline']","[361223.16280243674, 0]",197.81822539177423
0x2651413f27b83847a49302ed960f9155f8844af60eb822ebf51d67e9d533037c,0x9098eab0a361D29Ea5c4b5d9d1f50694ac0E9e78,closed,14133538,"['Pause Fuse Pool Implimentation', 'Do Not Pause Fuse Pool Impl.', 'Unsure, need more info']","[363334.2855084218, 0, 0]",197.81822539177423
0x9798a80d4e136f641a1c494d9c46a48fb7cfccf61e6d16114c798eccb5fec754,0x9098eab0a361D29Ea5c4b5d9d1f50694ac0E9e78,closed,13972594,"['YES, move forward with new model', 'NO, keep status quo', 'Resubmit proposal with changes']","[291844.3739836246, 87240.16267308417, 0]",197.81822539177423
0x80935c5696833d5349a2e35100bf35f3351824a14e37c0e0705cb19162f257b3,0x9Ebc8AD4011C7f559743Eb25705CCF5A9B58D0bc,closed,13908928,"['Accept', 'Decline']","[543378.5270256583, 0]",399.788359894584
0x7d129491d6058508bb29c282333da729e4d50407f055fc19cc2bdb296a783193,0x9Ebc8AD4011C7f559743Eb25705CCF5A9B58D0bc,closed,13896198,"['Accept', 'Decline']","[397890.3887096981, 0]",399.788359894584
0xe4eaa4beeeed5ee4e5ce21838c1eb8e90f487958b5e178aa0abcd987e088b7a9,0x9Ebc8AD4011C7f559743Eb25705CCF5A9B58D0bc,closed,13900157,"['Accept', 'Decline']","[6311.174770864876, 393856.4205049854]",399.788359894584
0x3cdf2d39d16dc3da820131bb2c28c62c7e7113db55496a111922ea5b41fb9f54,0x9Ebc8AD4011C7f559743Eb25705CCF5A9B58D0bc,closed,13896198,"['Accept', 'Decline']","[400152.98431324, 0]",399.788359894584
0x0bc922f101cbe8487beeb33e7b2bc03e259035640a95383089ed862f79d30d64,0x9Ebc8AD4011C7f559743Eb25705CCF5A9B58D0bc,closed,13896198,"['Accept', 'Decline']","[400168.0015662089, 0]",399.788359894584
QmQRHzgWrqWbG2zhTkbGBLkezEJrXA9uY9Ve2JfHNxeqF8,0x9Ebc8AD4011C7f559743Eb25705CCF5A9B58D0bc,closed,13773167,"['Accept', 'Decline']","[359766.7044764276, 0]",11883.277824727911
0xcdbe9b277c5545bfdb519ff0904e48a21ae2879ac3ba81ec67225af6063751be,0x9Ebc8AD4011C7f559743Eb25705CCF5A9B58D0bc,closed,13709209,"['Accept', 'Decline']","[345498.64980833523, 0]",11883.277824727911
0xb86888deed3c43fcf70b6ce557320327629348343e99097321c59da5dc28817a,0x9Ebc8AD4011C7f559743Eb25705CCF5A9B58D0bc,closed,13709247,"['Accept', 'Decline']","[344505.85499138315, 0]",11883.277824727911
0xf5b458f0568327825b4d921fec0696b37623309727683ddfbed30abfcf81255f,0x9Ebc8AD4011C7f559743Eb25705CCF5A9B58D0bc,closed,13709160,"['Accept', 'Decline']","[344501.8571077842, 0]",11883.277824727911
0x21ea31e896ec5b5a49a3653e51e787ee834aaf953263144ab936ed756f36609f,0x9098eab0a361D29Ea5c4b5d9d1f50694ac0E9e78,closed,13620822,"['Add Ross and Snake', 'Do not add Ross and Snake']","[32594.05755968427, 0]",197.81822539177423
0xdaf98ef5a14a8aeac30f3adf7305061aa25d912556490ab32ff6e18059ed8c27,0x9098eab0a361D29Ea5c4b5d9d1f50694ac0E9e78,closed,13620784,"['Yes, Deploy Liquidity to Polygon', ""No Don't deploy to polygon""]","[365672.0947202167, 0]",197.81822539177423
0x53fd7ff2afe9c61b81aa3de28c9442f5c1b32efae1b9c5e44f3b7b398f224663,0x9098eab0a361D29Ea5c4b5d9d1f50694ac0E9e78,closed,13578433,"['Ban punk1004.eth ', 'Do no ban punk1004.eth']","[184714.0234403531, 0]",197.81822539177423
0xb175abd231c2637b6ae8c10492eafab60413753ddaf2113ac05e1d2d960ebb2a,0x9098eab0a361D29Ea5c4b5d9d1f50694ac0E9e78,closed,13578393,"['Pay Jason for October Work', ""Don't Pay Jason for October Work""]","[1150.0302555816952, 181695.7191000787]",197.81822539177423
QmZTGLiixG5Z28AuhDuVxkCBePpn4nrmoMargqcC8Mk7xw,0x1b5C706296888a9C52f0c6dcF0579b638bA7EF2a,closed,13392702,"['Approve 2 ETH MoFY mkting budget', 'Deny 2 ETH MoFY mkting budget']","[172572.1791794929, 43.37703704856237]",2054.875177854938
QmPxMCuejEg9g3avMpbDwQjjo3ihEqeCMU3mMsHLyiauKE,0x9Ebc8AD4011C7f559743Eb25705CCF5A9B58D0bc,closed,13312415,"['Accept', 'Decline']","[236974.08378462313, 0]",6898.87229267509
QmSYrh4QD3iCgyGTFSMr2meRJddvBdhf9xtDbRH3y6w29A,0x9098eab0a361D29Ea5c4b5d9d1f50694ac0E9e78,closed,13310105,"['Approve BuyBack and Build', 'Reject Buyback and Build']","[252582.15311953228, 80.02842012623718]",102.54842055272691
QmTH6QZnNxrRGhMxyEbwiE7VFPCTz1TYGnDHRJghnvgMR9,0x9098eab0a361D29Ea5c4b5d9d1f50694ac0E9e78,closed,13310014,"['Accept', 'Decline']","[227985.4668370372, 0]",102.54842055272691
QmeyKkjuqbfyrJfWVFJw6STLxd1EZcMVfTNfYepPT1poUG,0x9098eab0a361D29Ea5c4b5d9d1f50694ac0E9e78,closed,13309926,"['Accept ', 'Decline']","[217760.93779039464, 0]",102.54842055272691
QmT5o98bCNocPT5mHF6ApUFr1577HMtR84DnimM2xP2Z4P,0x9Ebc8AD4011C7f559743Eb25705CCF5A9B58D0bc,closed,13309724,"['Accept', 'Decline']","[228207.46514469056, 8.865129897678914]",6898.87229267509
QmdU2Xq6C4Ljrqm37Qz2pGzSKwESwDhohR3yYrDth28h5P,0x9098eab0a361D29Ea5c4b5d9d1f50694ac0E9e78,closed,13224392,"['Create HR Group', 'Do Not Create HR Group']","[293041.62422472925, 3.198306879156672]",102.54842055272691
Qmagqp9z59D36dt22HX8sk6SdW21nNkBpLRsu7H38hgs65,0x9098eab0a361D29Ea5c4b5d9d1f50694ac0E9e78,closed,13224354,"['Yes, Update the Guidelines', ""No, Don't Update the Guidelines""]","[292221.4249375955, 0]",102.54842055272691
QmNQBdxkjK5WCFUAKViXWT6utTDXXMYCQ2WU9BdoubdrNH,0x9Ebc8AD4011C7f559743Eb25705CCF5A9B58D0bc,closed,13128706,"['YES, Allocate per recommendation', ""NO, Don't allocate this way""]","[402994.8569163063, 6961.7707634129765]",8424.064885672928
QmcmbqctnhMCaRHEBAAvz4jTk98bMV7ft6nozpv9tizpox,0x9Ebc8AD4011C7f559743Eb25705CCF5A9B58D0bc,closed,13127714,"['Accept', 'Decline']","[400857.3220114531, 7.196190478102512]",8424.064885672928
QmRwUZdc4B7qP9Kfp7GtggRVunoydMVzqLaLkM6qc58ZXr,0x9098eab0a361D29Ea5c4b5d9d1f50694ac0E9e78,closed,13043277,"['Yes, Migrate to yDAI', 'No, Keep using yUSD']","[415513.7382258745, 3.49768e-19]",4044.1337729938273
QmZjCqA5581cBrys7T2Du8CN2R1FoKJbRP4J9rs7jcGaWu,0x9098eab0a361D29Ea5c4b5d9d1f50694ac0E9e78,closed,13043227,"['Yes, Move SET assets', 'No, Keep SET Assets']","[414814.32540128496, 0]",4044.1337729938273
QmYa5RuQNAFqNq3DuBv1G24izWB9LomKZE3Pq2DvAeb7db,0x9098eab0a361D29Ea5c4b5d9d1f50694ac0E9e78,closed,13043114,"['Yes, Rebalance the Treasury', ""No, Don't rebalance the Treasury""]","[410765.05012332235, 0]",4044.1337729938273
QmYHBSHrXS3zQCgmTnXUZhABqAyhkCnTmvUQQdj7oUL2aC,0xbdac5657eDd13F47C3DD924eAa36Cf1Ec49672cc,closed,13036767,"['Approve', 'Deny']","[421617.7221751381, 3.49768e-19]",3517.3411717726153
QmZGnhAgS4Ve1Ceuv89WN8m425rZqyMy69RGVWuLCp4cUN,0xbdac5657eDd13F47C3DD924eAa36Cf1Ec49672cc,closed,13004670,"['Approve', 'Deny']","[171689.1374321358, 1.7528033634056166]",3492.993001939006
QmdWUNk647Hcw5n5KWhEwRC3xQGBGXgv57r4kNUEHGLN5A,0x9098eab0a361D29Ea5c4b5d9d1f50694ac0E9e78,closed,12869904,"['Remove Great YAM Wall', 'Keep Great Yam Wall']","[352464.39672103414, 44623.050941018126]",1738.7471304012345
QmYsh85TtsbczHxuTR7fpTFwpXMotSxk4YjwPAMGm8nbVz,0x9Ebc8AD4011C7f559743Eb25705CCF5A9B58D0bc,closed,12869743,"['Accept', 'Decline']","[378208.5093325406, 2040.9264751302553]",21575.629687103974
QmRLiSZdXJLNaejrgpAL5bqzYefMxc4JJJ1GZSg9GtiCSW,0x31920DF2b31B5f7ecf65BDb2c497DE31d299d472,closed,12855977,"['Approve, use existing Yam', 'Approve, mint new Yam', 'Decline']","[377638.17293426784, 65.25780432656495, 0]",3593.063918322128
QmXQn1QPDq4ZbitieqGQDPW2ZXMAuii2qRYc5WfgUrf3Xu,0x9Ebc8AD4011C7f559743Eb25705CCF5A9B58D0bc,closed,12736600,"['Accept', 'Decline']","[317314.6650715301, 171.96316313982328]",14088.676537442774
QmSiXQqXPkxn4UMsVJetnW1w5c5XMhkDYPrpTgdXxxQ5rJ,0x9Ebc8AD4011C7f559743Eb25705CCF5A9B58D0bc,closed,12736600,"['Accept', 'Decline']","[317137.67964160244, 171.96316313982328]",14088.676537442774
QmXTdQDCieFUfjHAuXKnqErtgeK5DoR6UdZQxMaCpmRgYe,0x9Ebc8AD4011C7f559743Eb25705CCF5A9B58D0bc,closed,12736600,"['Accept', 'Decline']","[317142.47710192116, 171.96316313982328]",14088.676537442774
Qma3GUy6wWVH7EKFyUyVgLuvSV3GvA2boc1TrdhNgZKCn3,0x9Ebc8AD4011C7f559743Eb25705CCF5A9B58D0bc,closed,12736600,"['Accept', 'Decline']","[317115.64938509197, 8.481118662359263]",14088.676537442774
QmdzW658cwhbR6baDAtLmiP2mRFzBPSD9fc4o7d6Nnu5LB,0xbdac5657eDd13F47C3DD924eAa36Cf1Ec49672cc,closed,12601080,"['Approve Delegation of $INDEX', 'Do Not Approve']","[311289.24818264187, 0]",1187.3249931741286
QmRY4CLQWQuKaPoUnYUpzdssU9xHUYQY31BQU3WdeETLus,0xFcB4f3a1710FefA583e7b003F3165f2E142bC725,closed,12516289,"['Approve', 'Decline']","[224108.9743193229, 0.399788359894584]",120.24346622678497
QmR1iFjQRzCtA8BWkz9hHeDiwSrt3cnHRthmGJN9RDcBqb,0x9098eab0a361D29Ea5c4b5d9d1f50694ac0E9e78,closed,12440011,"['YES', 'NO']","[300676.48632377817, 14097.287425981933]",2132.172086040162
QmVXdWcHa9qRDgYzGSSpyqkhJGwP57Kr1cukn4WT1N5N9D,0xbdac5657eDd13F47C3DD924eAa36Cf1Ec49672cc,closed,12426047,"['Approve', 'Decline']","[171827.34509014044, 28660.67326606142]",121.52977066472307
QmWDmHQwzZHo6C7Z9NcZ2qwwwNFrW6pVY14JYxpFrMUSWm,0x392027fDc620d397cA27F0c1C3dCB592F27A4dc3,closed,12420991,"['Approve', 'Decline']","[304064.4442946011, 19508.351726651832]",2394.780908359228
QmT9bDWEBMyvwUw2aKvydEViwCTt3mLnJQ5XtBEG28Df5j,0xfc4aa4A414C034E8c852A9E2fA967f82F7D52B90,closed,12420991,"['Accept', 'Decline']","[314434.1928740322, 19520.772669717833]",102.28585187902931
QmWbpCtwdLzxuLKnMW4Vv4MPFd2pdPX71YBKPasfZxqLUS,0xEC3281124d4c2FCA8A88e3076C1E7749CfEcb7F2,closed,12408670,"['Option 1: BlueChips MetaPool', 'Option 2: Hot New Projects MetaP', 'Option 3: Integrated DegenV2 Met']","[50178.03643768431, 15180.906627425971, 115.397590861346]",117400.83136090027
QmVdicWef2R2meo1F7Ysa9QXn2UpsgqbubmybCZC7QD4nM,0x31920DF2b31B5f7ecf65BDb2c497DE31d299d472,closed,12408187,"['Yes', 'No']","[180659.4777776175, 13824.565279309452]",303.83915351988384
QmbVAj4AKrPfWxPrJY8KtN7RNE4gEkzmMW7zvu8iZcdZC9,0x31920DF2b31B5f7ecf65BDb2c497DE31d299d472,closed,12362787,"['Approve', 'Do not approve']","[320827.85807232687, 5501.299735235145]",303.83915351988384
QmUUfaUKSgZrJNEmj8hZTo6fze4RYBEdhMj8XbgAU83Ss7,0xbdac5657eDd13F47C3DD924eAa36Cf1Ec49672cc,closed,12345167,"['Add 20,000 $YAM to Gen Exp Fund', 'Do not add $YAM']","[261753.0627543908, 16133.7063684088]",182.24428330241975
QmQeaGppaazdUzSYbXcw36RE1o6KGUtB3h8ZHCSpvx11TW,0xbdac5657eDd13F47C3DD924eAa36Cf1Ec49672cc,closed,12345133,"['Add 20,000 $YAM to Gen Exp Fund', 'Do not add funds']","[0, 0]",182.24428330241975
QmQF2iVJq93ub3FypXsLKckxRF2j81KGAfQGDSTj4YfMR8,0xd7aC4581eF4E2BB6cC3734Da183B981bfd0Ee2A2,closed,12299042,"['Yes', 'No']","[311441.92773291806, 16766.57374553126]",567.3870526672899
QmRcDskfVtaCuAL6KGYtyQyVMn2qx5QL76qP4tw2GdAD1J,0x1b5C706296888a9C52f0c6dcF0579b638bA7EF2a,closed,12255865,"['Approve', 'Decline']","[372590.0372511761, 18842.08138617644]",483.7967404337264
QmeGhCvWpYUG9ZUDSSb5qi8PVEKNpLU1wJN98FVH4gJjgi,0xFcB4f3a1710FefA583e7b003F3165f2E142bC725,closed,12152719,"['Approve', 'Decline']","[393285.17540423607, 25600.248152767213]",120.24346622678497
QmUoioQyH6266tRDaTN66ACquMy9c1xZ9ZbDfySqifUzaz,0xEC3281124d4c2FCA8A88e3076C1E7749CfEcb7F2,closed,12148200,"['Approve', 'Decline']","[470142.3215007624, 15459.367721936967]",125091.46062830856
QmaMjYH3NDAXkwuAnC6YqSQhdbnRWZ24cfMnXaWniByqnm,0x0Da87C54F853c2CF1221dbE725018944C83BDA7C,closed,11974494,"['Accept', 'Decline']","[248781.0019951037, 1556.4589439636109]",0.0
QmcGdYGFM8GDHqaWcKxeiafebuybZqFMkpVRjpoEoGQesk,0xC45d45b54045074Ed12d1Fe127f714f8aCE46f8c,closed,11954949,"['Approve', 'Do Not Approve']","[318343.6688591239, 0]",159.26682350509572
QmUuTjqenHVFz87YgN5Rkoabt7iHqrZ9sLbsYRL7MjDy1D,0x392027fDc620d397cA27F0c1C3dCB592F27A4dc3,closed,11957328,"['Approve', 'Decline']","[326161.0748883084, 0]",1.5117833488232506e-05
QmNZKyt2g6TPkHd1qRTHTmvNJkv4NU9E2Pig48pHH1xyY5,0x3FdcED6B5C1f176b543E5E0b841cB7224596C33C,closed,11949048,"['Approve', 'Do not approve']","[553272.7315666525, 94.38272033565002]",3302.7979813921297
QmZtZgrMQWR2UubsCefQyRiD3YqXuBvq5jQWQfk8bDvjwi,0xbdac5657eDd13F47C3DD924eAa36Cf1Ec49672cc,closed,11922924,"['Approve', 'Deny']","[432328.4371831236, 768.7316490768495]",2404.1380351274684
QmXrUx2RooEpuZKMuiwc33nXZEw4RrjzDkqM3ANqN6Thvs,0xbdac5657eDd13F47C3DD924eAa36Cf1Ec49672cc,closed,11916000,"['Keep Contract Function Open', 'Close Migration Function']","[262591.72666425613, 61120.41859436655]",2404.1380351274684
QmZzzGoDUDPQEKVL9BFJK9MgCq41Tf6rjdQR7DT3WvNi9g,0xd7aC4581eF4E2BB6cC3734Da183B981bfd0Ee2A2,closed,11911100,"['Logo A', 'Logo B', 'Logo C', 'Logo D', 'Logo E', 'Logo F', 'Logo G', 'Logo H', 'Logo I', 'Logo J', 'Logo K', 'Logo L', 'Logo M', 'Logo N', 'Logo O', 'Logo P']","[13209.532312132917, 2634.949418276848, 72857.10642412891, 23619.88408511557, 8813.073143399151, 63998.232878370625, 107581.74300045244, 776.5895762023524, 195.74051337134975, 0, 39.9788359894584, 0, 0, 0, 523.5676271411498, 539.6846425598014]",776.5895762023524
QmXXeyWWqMtQnFZ5S28HjpChWRdWubAFBMjmRcFLGF8GT8,0xbdac5657eDd13F47C3DD924eAa36Cf1Ec49672cc,closed,11836470,"['Allow yamHOUSE to purchase CGI', 'Do not purchase CGI']","[287281.1082510596, 484434.7888453096]",466.5094222605591
QmetoZitbNuiBBrLk6WeCAZB7RXScuqBSsmui22MJevaWy,0x9Ebc8AD4011C7f559743Eb25705CCF5A9B58D0bc,closed,11825150,"['Accept', 'Decline']","[323026.24139642064, 0]",2957.1749293059074
QmeUfiFrkMmKz2Yuv1UF3BLr1Xv8o89nzuDF8LxV2Gz7YX,0x9Ebc8AD4011C7f559743Eb25705CCF5A9B58D0bc,closed,11825151,"['Accept', 'Decline']","[355588.2117434111, 0]",2957.1749293059074
QmQ49Jov9w19znXZB6D75cpQmdzo1XvR4zMx3QofbPs8fC,0x9Ebc8AD4011C7f559743Eb25705CCF5A9B58D0bc,closed,11825150,"['Accept', 'Decline']","[354447.18960151623, 0]",2957.1749293059074
QmPAMJsRgNCmmWeENuFtSxVturpiJPMa1gCJxGZwXVAhST,0x9Ebc8AD4011C7f559743Eb25705CCF5A9B58D0bc,closed,11825150,"['Accept', 'Decline']","[354461.9506190428, 0]",2957.1749293059074
QmVWZh6hbqwCN2T1NLbVjyUZVp5cCHm8bxjs717MDjhZLZ,0x9Ebc8AD4011C7f559743Eb25705CCF5A9B58D0bc,closed,11825123,"['Accept', 'Decline']","[353809.42528023, 0]",2957.1749293059074
QmSjqiubKe5UZ5aWV7oZGq1z1utE4tE3nPyeyJgXQAgjRX,0xbdac5657eDd13F47C3DD924eAa36Cf1Ec49672cc,closed,11818701,"['Approve', 'Deny']","[423363.47929146426, 0]",763.0561244018849
QmczApXM3xxe1MmVFoy4pTFG3aTdmDwaKwHzfhU9iDC2zh,0xbdac5657eDd13F47C3DD924eAa36Cf1Ec49672cc,closed,11805965,"['Rescue Funds', 'Do Not Rescue']","[377541.8974730374, 12490.905919090694]",763.0561244018849
QmNNpHewMXhQcG4gXmiwQRMwjX1auqmBqbKNYf8cP7jFk4,0xbdac5657eDd13F47C3DD924eAa36Cf1Ec49672cc,closed,11790792,"['Yes, List uStonk and Similar', 'Do not list']","[296030.7648693932, 3857.108761148109]",763.0561244018849
QmdmoQS5KP2zhiQzpCiBSF7oBiFDd4ebjeCQamtG1tRcST,0xbdac5657eDd13F47C3DD924eAa36Cf1Ec49672cc,closed,11767200,"['Approve', 'Deny']","[439326.0000936625, 20343.447334558885]",526.0422810251472
QmbeQMSS3ftiA2P5ZHQhG6jbygQBm221ahrZfQ77W2RGFf,0xbdac5657eDd13F47C3DD924eAa36Cf1Ec49672cc,closed,11735000,"['Update Snapshot Requirements', 'Do not update snapshot']","[473763.2270960412, 3770.6573369840503]",526.0422810251472
QmUW8PSFCbHw6muLj1k84gLYBk4nGq9kas9xpWftsw6iUA,0xbdac5657eDd13F47C3DD924eAa36Cf1Ec49672cc,closed,11733333,"['Proceed with team recommendation', 'Needs more discussion']","[452440.0439352262, 4512.38861858992]",526.0422810251472
QmaDRRX44NqaotqcuoLW3mFNPLrD241LV2u4XZnRMJZadf,0xbdac5657eDd13F47C3DD924eAa36Cf1Ec49672cc,closed,11733333,"['$800k Allocation to YDS', '$900k Allocation to YDS', '$1m Allocation to YDS', '$1.1m Allocation to YDS']","[173096.29365064058, 3770.6573369840503, 294240.312298763, 9403.825125211]",526.0422810251472
QmSQaNF71MwfpwhjWewxCzoHoLCL7vRVT9yAyGkvudnNnw,0xbdac5657eDd13F47C3DD924eAa36Cf1Ec49672cc,closed,11695738,"['Approve', 'Deny']","[74164.93131943158, 0]",55.9089189655645
QmbW8txJHCb12aPdm8jHwfDdREHE6ZNivAn2iTVTvdpg2u,0xbdac5657eDd13F47C3DD924eAa36Cf1Ec49672cc,closed,11695728,"['7th of Each Month', ""Let's discuss more""]","[15194.599493988717, 0]",55.9089189655645
QmSNi6WT26pB6aif1FaoPf28Rfsxr36QBQL6Umps1WREeL,0xbdac5657eDd13F47C3DD924eAa36Cf1Ec49672cc,closed,11695723,"['75% Next Month / 25% 2 Months Lt', ""Let's continue discussion""]","[15638.071855567565, 0]",55.9089189655645
QmeA4LJxDTsGoj8hY3sW2H7vHb3yreYBqLsD2sMY2bQB1w,0xbdac5657eDd13F47C3DD924eAa36Cf1Ec49672cc,closed,11695712,"['Rewards for Mint + LP', 'Rewards for LP ONLY']","[105079.36846743654, 0]",55.9089189655645
QmedVTP4ZtZqn9Mia99XoQFs9rGa2FTK2YPKNSWeBkCAxZ,0xbdac5657eDd13F47C3DD924eAa36Cf1Ec49672cc,closed,11660500,"['Approve', 'Deny']","[2847.264098587045, 0]",2634.543840285631
QmY1q46NrWswF7vRfjWSz3M2HK4yGtitYAg9VPQJgvZ5dL,0xbdac5657eDd13F47C3DD924eAa36Cf1Ec49672cc,closed,11660500,"['7th of Each Month', ""Let's Continue Discussion""]","[2649.1575448403837, 0]",2634.543840285631
QmRwroGtKfDtTPiS6UGCyDsqNyzseouHZVYHf1NghepgFM,0xbdac5657eDd13F47C3DD924eAa36Cf1Ec49672cc,closed,11660500,"['75% Next Month / 25% 2 Months', ""Let's Continue Discussion""]","[2649.1575448403837, 0]",2634.543840285631
QmRScs2Q46va6Ppt8qxayW8MMzoAkVaLYjdemiHnuFSakV,0xbdac5657eDd13F47C3DD924eAa36Cf1Ec49672cc,closed,11660500,"['Provide Rewards for Minting + LP', 'Rewards ONLY for LP']","[2847.264098587045, 0]",2634.543840285631
QmeTCeHuHCFTL1SAnHm6zrYeqYYtBfw5SDTon53kYXM8xH,0xC3edCBe0F93a6258c3933e86fFaA3bcF12F8D695,closed,11639606,"['For', 'Against']","[310690.98421134136, 0]",5409.383971327535
QmWcns71u1c34b6sM6oJy8WoMLYcwz4b16bknTGvFFXH4x,0xbdac5657eDd13F47C3DD924eAa36Cf1Ec49672cc,closed,11520000,"['Use Treasury to Mint/Mine uGAS', 'Do not Mint/Mine uGas']","[326525.93948985316, 3770.6573369840503]",24.521733054224573
QmWiqtGM5giFzRLF2HF5q21gpDTLjEWmEUUXiLJJUouZB4,0x46499275b5c4d67dfa46B92D89aADA3158ea392e,closed,11461452,"['Remove Rebase Mechanism', 'Keep Rebase Mechanism']","[889783.1848636095, 19611.287867051255]",206263.72218963833
QmV3FekewNwceF1VgYJmWY34F4EnMtwqUaRVSpmVT6dZoU,0x46499275b5c4d67dfa46B92D89aADA3158ea392e,closed,11461411,"['Yes add 3% Inflation', 'No Inflation']","[106633.71714486345, 511471.3272937105]",206263.72218963833
QmPby1iphTZ4D181pDFfb3hFLptmaAxD7Eu3LhoRxbCWTS,0xbdac5657eDd13F47C3DD924eAa36Cf1Ec49672cc,closed,11460000,"['Specify V2 Migration Date', 'Do not end V2 Migration']","[348468.55845152173, 28728.112615797563]",2569.723425975948
QmTT6DHKzQjuPpPcDfNHRFE8NaaTBGC4V1fd5JxQ6hK5Sz,0x9Ebc8AD4011C7f559743Eb25705CCF5A9B58D0bc,closed,11421202,"['Accept', 'Decline']","[323740.4509437769, 0]",0.0
Qma4azxfEaGWHqykHDdrwWVkxu9rVoMnKR7ZoyxSuVWmpb,0x9Ebc8AD4011C7f559743Eb25705CCF5A9B58D0bc,closed,11421202,"['Accept', 'Decline']","[301374.3530952235, 69568.665846797]",0.0
QmSmwWEFc5Q8nhtR18HUZZsYrjsTtCj7wULPDYZvd2eLbU,0x9Ebc8AD4011C7f559743Eb25705CCF5A9B58D0bc,closed,11421202,"['Accept', 'Decline']","[317914.36068869714, 0]",0.0
QmZWaSgWmyKE48o9PhgdLziybSzV4QYD2kwConkiqKm3Co,0x9Ebc8AD4011C7f559743Eb25705CCF5A9B58D0bc,closed,11421202,"['Accept', 'Decline']","[368610.4212924695, 1014.9377531000916]",0.0
QmRnpdsSN6EPVbMqxkADK51HEUrWCjdr2YXEibhGfPWUhG,0x9Ebc8AD4011C7f559743Eb25705CCF5A9B58D0bc,closed,11421202,"['Accept', 'Decline']","[319206.29128466424, 0]",0.0
Qmeb7REvq7p6vtBBHYC7YCk3wNjcsUbuXiZUyrdz8YNJZS,0x9Ebc8AD4011C7f559743Eb25705CCF5A9B58D0bc,closed,11421202,"['Accept', 'Decline']","[368169.5241794568, 0]",0.0
Qmd8Z82LJEZJCMWjy6mUMgDAY25TUNb9UVCuGDXNkBy9m5,0xbdac5657eDd13F47C3DD924eAa36Cf1Ec49672cc,closed,11401688,"['Approve Part Time Contributor Compensation', 'Do not approve']","[527697.5078305907, 2742.943741416681]",2167.4001489293055
QmNps6iBdWE4Td91aAD1YC1RCJpLe9v65uG4whgwfMiaZf,0xbdac5657eDd13F47C3DD924eAa36Cf1Ec49672cc,closed,11401688,"['Ratify the Yam Mission Statement', 'Rejects the mission statement']","[505925.761727435, 5.158e-21]",2167.4001489293055
QmQhBDGg6TrANJVJ8kKvxMeaNLjtcUd7tsSeW9hpPKPkBF,0xbdac5657eDd13F47C3DD924eAa36Cf1Ec49672cc,closed,11401688,"['0% Funding to the GYW', '5% Funding to the GYW', '10% Funding to the GYW', '15% Funding to the GYW', '20% Funding to the GYW']","[13252.81977749576, 6618.913609100324, 386860.2748395928, 35970.36861164705, 76971.3698337043]",2167.4001489293055
QmQbkwuqqYU4RzC7gXvKGPQGKkYF6oruSoVSLANggRtG2E,0xbdac5657eDd13F47C3DD924eAa36Cf1Ec49672cc,closed,11401688,"['Send 8700 USDC back to FTX', 'Do not approve']","[490119.3664494519, 0]",2167.4001489293055
QmYm2NQecn3EwmiH9wKn6S2pmgpsHG8FVzA9zmdrTZDH2g,0xbdac5657eDd13F47C3DD924eAa36Cf1Ec49672cc,closed,11401688,"['Elect Krugman as YDS Portfolio Manager', 'Do not approve']","[483856.5979015502, 2384.433325499013]",2167.4001489293055
QmQ9VShqHKBKLiXWfebfVpdHRMN8ya5rmsAV3cUAkxQGjn,0xbdac5657eDd13F47C3DD924eAa36Cf1Ec49672cc,closed,11401688,"['Create + Grant $5000 to General Expense Fund AND reimburse HodlDwon 15ETH', 'Do not approve']","[325003.4175639233, 0]",2167.4001489293055
QmVYh3DpcxdNau3a1tXwM7rtyLNMPcT3rqkAnvYWJPXk1S,0xbdac5657eDd13F47C3DD924eAa36Cf1Ec49672cc,closed,11401688,"['Approve purchase $250k of wBTC', 'Do not approve purchase']","[510088.88333584066, 9945.870470779928]",2167.4001489293055
QmRyE1CRDXwAyVcUf9cSKD4wZjjER4dcxFQXSZkHdjXhck,0xC3edCBe0F93a6258c3933e86fFaA3bcF12F8D695,closed,11296202,"['For', 'Against']","[347258.65343394835, 0]",3647.7609952296143
QmY1BDTQ4hAPbNsaApSTasZguRgFcrJSEapsdzLcxth92j,0xbdac5657eDd13F47C3DD924eAa36Cf1Ec49672cc,closed,11271000,"['Yes proceed with building the ""Great Yam Wall""', 'Do not proceed. ']","[98639.36725495684, 0]",1051.3442573754655
QmTwCef3FmRZ24Lie4VrhATQ8FfB1YCd7h62Ye7poCtjz6,0xC3edCBe0F93a6258c3933e86fFaA3bcF12F8D695,closed,11268603,"['1%', '2%', '3%', '4%', '5%', '6%', '7%', '8%', '9%', '10%']","[428406.96967236686, 0, 14150.677704689531, 575946.7194515162, 44225.424765354335, 0, 2990.3009404744707, 0, 1019.7361559131506, 466557.7283752865]",2990.3009404744707
QmYSsKSFSe7fbgEt2rwrKz9Pq4KxtRziPA4ajpuhRyiPgZ,0xC3edCBe0F93a6258c3933e86fFaA3bcF12F8D695,closed,11234740,"['Umbrella', 'Pest Protection', 'None of the Above']","[785846.8120833057, 734.8855452392443, 0]",0.0
QmPZi3CYnHhS1Sde5i5dFjV753eCy6EJ9Bw6CpypL8QzYi,0xC3edCBe0F93a6258c3933e86fFaA3bcF12F8D695,closed,11234740,"['For', 'Against']","[582932.6564263428, 122073.59404199709]",0.0
